{
  "version": 1,
  "author": "Luiz Henrique Wessling",
  "editor": "wokwi",
  "parts": [
    { "type": "board-esp32-devkit-c-v4", "id": "esp", "top": -96, "left": -4.76, "attrs": {} },
    { "type": "wokwi-led", "id": "led1", "top": -13.2, "left": -121, "attrs": { "color": "red" } },
    {
      "type": "wokwi-led",
      "id": "led2",
      "top": -13.2,
      "left": 176.6,
      "attrs": { "color": "red" }
    }
  ],
  "connections": [
    [ "esp:TX", "$serialMonitor:RX", "", [] ],
    [ "esp:RX", "$serialMonitor:TX", "", [] ],
    [ "led1:A", "esp:2", "green", [ "v0" ] ],
    [ "led1:C", "esp:GND.1", "green", [ "v0" ] ],
    [ "led2:A", "esp:4", "green", [ "v0" ] ],
    [ "led2:C", "esp:GND.3", "green", [ "v0" ] ]
  ],
  "dependencies": {}
}